timestamp_utc,mem_used,mem_limit,mem_percent
2026-05-17T11:36:38.024861+00:00,51.77MiB,7.606GiB,0.66
2026-05-17T11:36:42.021792+00:00,51.77MiB,7.606GiB,0.66
2026-05-17T11:36:46.052419+00:00,51.77MiB,7.606GiB,0.66
2026-05-17T11:36:50.106979+00:00,51.79MiB,7.606GiB,0.67
2026-05-17T11:37:07.442539+00:00,51.79MiB,7.606GiB,0.67
2026-05-17T11:37:11.441608+00:00,51.79MiB,7.606GiB,0.67
2026-05-17T11:37:15.457679+00:00,51.79MiB,7.606GiB,0.67
2026-05-17T11:37:19.490554+00:00,51.81MiB,7.606GiB,0.67
2026-05-17T11:37:36.822212+00:00,51.63MiB,7.606GiB,0.66
2026-05-17T11:37:40.843881+00:00,51.81MiB,7.606GiB,0.67
2026-05-17T11:37:44.863946+00:00,51.82MiB,7.606GiB,0.67
2026-05-17T11:37:48.878575+00:00,51.83MiB,7.606GiB,0.67
2026-05-17T11:38:06.097266+00:00,51.83MiB,7.606GiB,0.67
2026-05-17T11:38:10.114042+00:00,51.83MiB,7.606GiB,0.67
2026-05-17T11:38:14.150793+00:00,51.83MiB,7.606GiB,0.67
2026-05-17T11:38:18.153391+00:00,51.84MiB,7.606GiB,0.67
2026-05-17T11:38:35.453196+00:00,51.66MiB,7.606GiB,0.66
2026-05-17T11:38:39.456341+00:00,51.85MiB,7.606GiB,0.67
2026-05-17T11:38:43.475897+00:00,51.85MiB,7.606GiB,0.67
2026-05-17T11:38:47.493980+00:00,51.87MiB,7.606GiB,0.67
2026-05-17T11:54:07.227770+00:00,51.87MiB,7.606GiB,0.67
2026-05-17T11:54:11.225854+00:00,51.87MiB,7.606GiB,0.67
2026-05-17T11:54:15.246259+00:00,52.12MiB,7.606GiB,0.67
2026-05-17T11:54:19.255990+00:00,51.9MiB,7.606GiB,0.67
2026-05-17T11:54:36.536472+00:00,41.51MiB,7.606GiB,0.53
2026-05-17T11:54:40.561110+00:00,41.53MiB,7.606GiB,0.53
2026-05-17T11:54:44.580590+00:00,44.79MiB,7.606GiB,0.58
2026-05-17T11:54:48.625051+00:00,45.29MiB,7.606GiB,0.58
2026-05-17T11:55:05.966735+00:00,49.92MiB,7.606GiB,0.64
2026-05-17T11:55:10.005990+00:00,49.92MiB,7.606GiB,0.64
2026-05-17T11:55:14.019534+00:00,49.92MiB,7.606GiB,0.64
2026-05-17T11:55:18.029452+00:00,50.33MiB,7.606GiB,0.65
2026-05-17T11:55:35.273405+00:00,50.42MiB,7.606GiB,0.65
2026-05-17T11:55:39.307401+00:00,50.6MiB,7.606GiB,0.65
2026-05-17T11:55:43.323972+00:00,50.6MiB,7.606GiB,0.65
2026-05-17T11:55:47.360912+00:00,50.64MiB,7.606GiB,0.65
2026-05-17T11:56:04.599018+00:00,50.68MiB,7.606GiB,0.65
2026-05-17T11:56:08.614240+00:00,50.68MiB,7.606GiB,0.65
2026-05-17T11:56:12.628100+00:00,50.68MiB,7.606GiB,0.65
2026-05-17T11:56:16.648939+00:00,50.7MiB,7.606GiB,0.65
2026-05-17T11:56:34.747409+00:00,50.83MiB,7.606GiB,0.65
2026-05-17T11:56:38.777821+00:00,50.84MiB,7.606GiB,0.65
2026-05-17T11:56:42.792872+00:00,50.83MiB,7.606GiB,0.65
2026-05-17T11:56:46.811721+00:00,50.85MiB,7.606GiB,0.65
2026-05-17T11:57:04.166944+00:00,50.86MiB,7.606GiB,0.65
2026-05-17T11:57:08.171436+00:00,50.86MiB,7.606GiB,0.65
2026-05-17T11:57:12.191953+00:00,50.86MiB,7.606GiB,0.65
2026-05-17T11:57:16.205694+00:00,50.87MiB,7.606GiB,0.65
2026-05-17T11:57:33.456034+00:00,50.7MiB,7.606GiB,0.65
2026-05-17T11:57:37.485785+00:00,50.88MiB,7.606GiB,0.65
2026-05-17T11:57:41.513557+00:00,51.13MiB,7.606GiB,0.66
2026-05-17T11:57:45.529843+00:00,50.9MiB,7.606GiB,0.65
2026-05-17T11:58:02.749109+00:00,50.91MiB,7.606GiB,0.65
2026-05-17T11:58:06.755831+00:00,50.92MiB,7.606GiB,0.65
2026-05-17T11:58:10.800152+00:00,50.91MiB,7.606GiB,0.65
2026-05-17T11:58:14.809914+00:00,50.94MiB,7.606GiB,0.65
2026-05-17T11:58:32.107170+00:00,50.77MiB,7.606GiB,0.65
2026-05-17T11:58:36.121454+00:00,50.77MiB,7.606GiB,0.65
2026-05-17T11:58:40.135787+00:00,50.95MiB,7.606GiB,0.65
2026-05-17T11:58:44.163638+00:00,50.96MiB,7.606GiB,0.65
2026-05-17T11:59:01.424949+00:00,50.97MiB,7.606GiB,0.65
2026-05-17T11:59:05.434395+00:00,50.96MiB,7.606GiB,0.65
2026-05-17T11:59:09.455578+00:00,50.97MiB,7.606GiB,0.65
2026-05-17T11:59:13.474783+00:00,51.21MiB,7.606GiB,0.66
2026-05-17T11:59:30.792983+00:00,51.34MiB,7.606GiB,0.66
2026-05-17T11:59:34.806202+00:00,51.19MiB,7.606GiB,0.66
2026-05-17T11:59:38.824405+00:00,51.67MiB,7.606GiB,0.66
2026-05-17T11:59:42.848464+00:00,51.4MiB,7.606GiB,0.66
2026-05-17T12:00:00.118232+00:00,51.4MiB,7.606GiB,0.66
2026-05-17T12:00:04.134078+00:00,51.4MiB,7.606GiB,0.66
2026-05-17T12:00:08.167980+00:00,51.41MiB,7.606GiB,0.66
2026-05-17T12:00:12.185350+00:00,51.42MiB,7.606GiB,0.66
2026-05-17T12:00:29.421240+00:00,51.24MiB,7.606GiB,0.66
2026-05-17T12:00:33.435281+00:00,51.24MiB,7.606GiB,0.66
2026-05-17T12:00:37.455376+00:00,51.43MiB,7.606GiB,0.66
2026-05-17T12:00:41.474859+00:00,51.44MiB,7.606GiB,0.66
2026-05-17T12:00:58.833843+00:00,51.45MiB,7.606GiB,0.66
2026-05-17T12:01:02.846135+00:00,51.45MiB,7.606GiB,0.66
2026-05-17T12:01:06.856534+00:00,51.45MiB,7.606GiB,0.66
2026-05-17T12:01:10.878695+00:00,51.46MiB,7.606GiB,0.66
2026-05-17T12:01:28.935927+00:00,51.29MiB,7.606GiB,0.66
2026-05-17T12:01:32.968406+00:00,51.28MiB,7.606GiB,0.66
2026-05-17T12:01:36.975917+00:00,51.46MiB,7.606GiB,0.66
2026-05-17T12:01:40.987323+00:00,51.48MiB,7.606GiB,0.66
2026-05-17T12:01:58.300506+00:00,51.48MiB,7.606GiB,0.66
2026-05-17T12:02:02.300330+00:00,51.48MiB,7.606GiB,0.66
2026-05-17T12:02:06.327000+00:00,51.48MiB,7.606GiB,0.66
2026-05-17T12:02:10.349999+00:00,51.5MiB,7.606GiB,0.66
2026-05-17T12:02:27.629602+00:00,51.32MiB,7.606GiB,0.66
2026-05-17T12:02:31.643405+00:00,51.32MiB,7.606GiB,0.66
2026-05-17T12:02:35.667089+00:00,51.5MiB,7.606GiB,0.66
2026-05-17T12:02:39.679962+00:00,51.52MiB,7.606GiB,0.66
2026-05-17T12:02:56.956010+00:00,51.52MiB,7.606GiB,0.66
2026-05-17T12:03:00.986806+00:00,51.52MiB,7.606GiB,0.66
2026-05-17T12:03:04.996209+00:00,51.52MiB,7.606GiB,0.66
2026-05-17T12:03:09.012592+00:00,51.54MiB,7.606GiB,0.66
2026-05-17T12:03:26.268513+00:00,51.35MiB,7.606GiB,0.66
2026-05-17T12:03:30.274868+00:00,51.36MiB,7.606GiB,0.66
2026-05-17T12:03:34.289626+00:00,51.36MiB,7.606GiB,0.66
2026-05-17T12:03:38.320495+00:00,51.56MiB,7.606GiB,0.66
2026-05-17T12:03:55.583218+00:00,51.56MiB,7.606GiB,0.66
2026-05-17T12:03:59.588668+00:00,51.56MiB,7.606GiB,0.66
2026-05-17T12:04:03.611321+00:00,51.57MiB,7.606GiB,0.66
2026-05-17T12:04:07.635222+00:00,51.59MiB,7.606GiB,0.66
2026-05-17T12:04:24.936108+00:00,51.74MiB,7.606GiB,0.66
2026-05-17T12:04:28.949423+00:00,51.45MiB,7.606GiB,0.66
2026-05-17T12:04:32.969914+00:00,51.44MiB,7.606GiB,0.66
2026-05-17T12:04:36.980928+00:00,51.63MiB,7.606GiB,0.66
2026-05-17T12:04:54.250067+00:00,51.64MiB,7.606GiB,0.66
2026-05-17T12:04:58.282857+00:00,51.64MiB,7.606GiB,0.66
2026-05-17T12:05:02.296125+00:00,51.64MiB,7.606GiB,0.66
2026-05-17T12:05:06.320527+00:00,51.66MiB,7.606GiB,0.66
2026-05-17T12:05:23.533596+00:00,51.65MiB,7.606GiB,0.66
2026-05-17T12:05:27.551862+00:00,51.47MiB,7.606GiB,0.66
2026-05-17T12:05:31.579447+00:00,51.48MiB,7.606GiB,0.66
2026-05-17T12:05:35.598612+00:00,51.49MiB,7.606GiB,0.66
2026-05-17T12:05:52.856198+00:00,51.68MiB,7.606GiB,0.66
2026-05-17T12:05:56.865572+00:00,51.68MiB,7.606GiB,0.66
2026-05-17T12:06:00.885764+00:00,51.68MiB,7.606GiB,0.66
2026-05-17T12:06:04.903214+00:00,51.69MiB,7.606GiB,0.66
2026-05-17T12:06:22.985195+00:00,51.69MiB,7.606GiB,0.66
2026-05-17T12:06:27.026294+00:00,51.5MiB,7.606GiB,0.66
2026-05-17T12:06:31.028072+00:00,51.51MiB,7.606GiB,0.66
2026-05-17T12:06:35.051202+00:00,51.52MiB,7.606GiB,0.66
2026-05-17T12:06:52.365157+00:00,51.71MiB,7.606GiB,0.66
2026-05-17T12:06:56.360206+00:00,51.71MiB,7.606GiB,0.66
2026-05-17T12:07:00.382786+00:00,51.71MiB,7.606GiB,0.66
2026-05-17T12:07:04.404124+00:00,51.73MiB,7.606GiB,0.66
2026-05-17T12:07:21.719698+00:00,51.72MiB,7.606GiB,0.66
2026-05-17T12:07:25.754458+00:00,51.54MiB,7.606GiB,0.66
2026-05-17T12:07:29.791423+00:00,51.57MiB,7.606GiB,0.66
2026-05-17T12:07:33.806804+00:00,51.56MiB,7.606GiB,0.66
2026-05-17T12:07:51.121451+00:00,51.75MiB,7.606GiB,0.66
2026-05-17T12:07:55.131427+00:00,51.74MiB,7.606GiB,0.66
2026-05-17T12:07:59.151408+00:00,51.75MiB,7.606GiB,0.66
2026-05-17T12:08:03.165447+00:00,51.76MiB,7.606GiB,0.66
2026-05-17T12:08:20.420902+00:00,51.76MiB,7.606GiB,0.66
2026-05-17T12:08:24.422297+00:00,51.76MiB,7.606GiB,0.66
2026-05-17T12:08:28.451193+00:00,51.76MiB,7.606GiB,0.66
2026-05-17T12:08:32.472413+00:00,51.78MiB,7.606GiB,0.66
2026-05-17T12:08:49.730412+00:00,51.79MiB,7.606GiB,0.66
2026-05-17T12:08:53.774387+00:00,51.79MiB,7.606GiB,0.66
2026-05-17T12:08:57.800403+00:00,51.79MiB,7.606GiB,0.66
2026-05-17T12:09:01.842569+00:00,51.8MiB,7.606GiB,0.67
2026-05-17T12:09:19.165004+00:00,51.81MiB,7.606GiB,0.67
2026-05-17T12:09:23.173607+00:00,52.06MiB,7.606GiB,0.67
2026-05-17T12:09:27.192942+00:00,51.88MiB,7.606GiB,0.67
2026-05-17T12:09:31.210250+00:00,52.16MiB,7.606GiB,0.67
2026-05-17T12:09:48.515086+00:00,51.84MiB,7.606GiB,0.67
2026-05-17T12:09:52.541438+00:00,51.84MiB,7.606GiB,0.67
2026-05-17T12:09:56.559340+00:00,51.84MiB,7.606GiB,0.67
2026-05-17T12:10:00.575132+00:00,51.86MiB,7.606GiB,0.67
2026-05-17T12:59:41.851653+00:00,52MiB,7.606GiB,0.67
2026-05-17T12:59:45.865744+00:00,52.11MiB,7.606GiB,0.67
2026-05-17T12:59:49.884720+00:00,51.81MiB,7.606GiB,0.67
2026-05-17T12:59:53.900755+00:00,51.82MiB,7.606GiB,0.67
2026-05-17T13:00:11.255873+00:00,52.01MiB,7.606GiB,0.67
2026-05-17T13:00:15.243619+00:00,52.01MiB,7.606GiB,0.67
2026-05-17T13:00:19.269335+00:00,52.01MiB,7.606GiB,0.67
2026-05-17T13:00:23.284885+00:00,52.03MiB,7.606GiB,0.67
2026-05-17T13:00:41.386519+00:00,52.02MiB,7.606GiB,0.67
2026-05-17T13:00:45.405719+00:00,51.96MiB,7.606GiB,0.67
2026-05-17T13:00:49.410308+00:00,51.85MiB,7.606GiB,0.67
2026-05-17T13:00:53.433252+00:00,51.86MiB,7.606GiB,0.67
2026-05-17T13:01:10.719490+00:00,52.04MiB,7.606GiB,0.67
2026-05-17T13:01:14.749342+00:00,52.04MiB,7.606GiB,0.67
2026-05-17T13:01:18.763946+00:00,52.05MiB,7.606GiB,0.67
2026-05-17T13:01:22.788517+00:00,52.06MiB,7.606GiB,0.67
2026-05-17T13:12:41.874378+00:00,52.06MiB,7.606GiB,0.67
2026-05-17T13:12:45.899191+00:00,52.06MiB,7.606GiB,0.67
2026-05-17T13:12:49.914861+00:00,52.06MiB,7.606GiB,0.67
2026-05-17T13:12:53.935106+00:00,52.07MiB,7.606GiB,0.67
2026-05-17T13:13:11.219668+00:00,52.08MiB,7.606GiB,0.67
2026-05-17T13:13:15.256416+00:00,52.08MiB,7.606GiB,0.67
2026-05-17T13:13:19.264798+00:00,52.07MiB,7.606GiB,0.67
2026-05-17T13:13:23.268318+00:00,52.09MiB,7.606GiB,0.67
2026-05-17T13:13:40.518405+00:00,52.09MiB,7.606GiB,0.67
2026-05-17T13:13:44.540442+00:00,51.9MiB,7.606GiB,0.67
2026-05-17T13:13:48.550460+00:00,51.91MiB,7.606GiB,0.67
2026-05-17T13:13:52.572573+00:00,51.93MiB,7.606GiB,0.67
2026-05-17T13:14:09.837864+00:00,52.12MiB,7.606GiB,0.67
2026-05-17T13:14:13.881178+00:00,52.12MiB,7.606GiB,0.67
2026-05-17T13:14:17.873199+00:00,52.12MiB,7.606GiB,0.67
2026-05-17T13:14:21.887734+00:00,52.14MiB,7.606GiB,0.67
2026-05-17T13:14:39.211651+00:00,52.39MiB,7.606GiB,0.67
2026-05-17T13:14:43.233414+00:00,53.93MiB,7.606GiB,0.69
2026-05-17T13:14:47.245125+00:00,51.98MiB,7.606GiB,0.67
2026-05-17T13:14:51.260166+00:00,52MiB,7.606GiB,0.67
2026-05-17T13:15:08.554898+00:00,52.17MiB,7.606GiB,0.67
2026-05-17T13:15:12.574867+00:00,52.17MiB,7.606GiB,0.67
2026-05-17T13:15:16.588786+00:00,52.17MiB,7.606GiB,0.67
2026-05-17T13:15:20.616881+00:00,52.19MiB,7.606GiB,0.67
2026-05-17T13:15:37.842812+00:00,52.19MiB,7.606GiB,0.67
2026-05-17T13:15:41.852966+00:00,52.19MiB,7.606GiB,0.67
2026-05-17T13:15:45.886780+00:00,52MiB,7.606GiB,0.67
2026-05-17T13:15:49.901717+00:00,52.02MiB,7.606GiB,0.67
2026-05-17T13:16:07.155002+00:00,52.21MiB,7.606GiB,0.67
2026-05-17T13:16:11.171121+00:00,52.21MiB,7.606GiB,0.67
2026-05-17T13:16:15.191503+00:00,52.21MiB,7.606GiB,0.67
2026-05-17T13:16:19.206366+00:00,52.22MiB,7.606GiB,0.67
