timestamp_utc,iteration,condition,ok,elapsed_ms,cpu_percent,mem_used,mem_limit,mem_percent,shared_hit,result_hash,result_preview,stderr_preview
2026-05-17T11:36:35.617547+00:00,1,live,1,435.53,0.00,51.82MiB,7.606GiB,0.67,,83a8dd7058f82c714d9cb153e02f75c28ce23909f53eec8aaf5140de4ad60ca4,             2238 |            1915 |             1082 |              605 |         935 |                185 |      186 |      185 |          1 |               ,
2026-05-17T11:37:05.165745+00:00,2,live,1,467.82,0.02,51.62MiB,7.606GiB,0.66,,418927a0a9aaf67c8122de4ff8fadd117626f5a3bc6aa532d778212342625572,             2239 |            1916 |             1083 |              607 |         934 |                186 |      186 |      186 |          0 |               ,
2026-05-17T11:37:34.600567+00:00,3,live,1,407.46,0.03,51.83MiB,7.606GiB,0.67,,b8f2cf1866cac7924313160b39c007bee5dccb2df36036784e47b08325dc5506,             2244 |            1921 |             1088 |              609 |         937 |                186 |      186 |      186 |          0 |               ,
2026-05-17T11:38:03.912658+00:00,4,live,1,412.61,0.03,51.84MiB,7.606GiB,0.67,,db2fdee7872c2b2026268e3443a279d9a79fa118af9c5750ae9bcc4e127689e7,             2249 |            1926 |             1093 |              611 |         940 |                186 |      186 |      186 |          0 |               ,
2026-05-17T11:38:33.214418+00:00,5,live,1,491.79,0.00,52.12MiB,7.606GiB,0.67,,5fd4e41ea2bc7cc9550ccec181971b165050dc5cfc3d0d2862ce164ed6fb2bac,             2254 |            1931 |             1098 |              613 |         943 |                186 |      186 |      186 |          0 |               ,
2026-05-17T11:54:04.952930+00:00,6,live,1,421.74,0.29,51.98MiB,7.606GiB,0.67,,07530f95832e9d3e8d6f8dc3ec7e56fc0f613e43eacf413001805a51f6a3aa12,             2259 |            1936 |             1103 |              615 |         946 |                185 |      186 |      185 |          1 |               ,
2026-05-17T11:54:34.332880+00:00,7,live,1,478.87,0.03,49.62MiB,7.606GiB,0.64,,2c68c9c3e426d15a2715896ec976285fef8eeb94e1a0b9d981906ece538347b5,             2260 |            1937 |             1104 |              617 |         945 |                185 |      186 |      185 |          1 |               ,
2026-05-17T11:55:03.749366+00:00,8,live,1,419.61,2.56,50.27MiB,7.606GiB,0.65,,8f9071a298fce0af4cf885439a8a0ce3bde1089461751ff2e67d95951202852b,             2261 |            1938 |             1105 |              619 |         944 |                186 |      186 |      186 |          0 |               ,
2026-05-17T11:55:33.072642+00:00,9,live,1,409.87,0.03,50.67MiB,7.606GiB,0.65,,817639f2dcdff62cfd0a87ff88a3f13ebc62d7800962936995f15678d0c73339,             2266 |            1943 |             1110 |              621 |         947 |                186 |      186 |      186 |          0 |               ,
2026-05-17T11:56:02.389862+00:00,10,live,1,403.81,0.03,50.83MiB,7.606GiB,0.65,10637,cccfa289b23f9e9c799a7a394c7ea4c79477f4812d782a006fe413477ba2efee,             2271 |            1948 |             1115 |              623 |         950 |                186 |      186 |      186 |          0 |               ,
2026-05-17T11:56:32.547380+00:00,11,live,1,405.27,0.03,50.85MiB,7.606GiB,0.65,,f2d20b81ee3e5e2e48c2cc44233523d2b15743403611aba44673a7dcf7c4f3d8,             2276 |            1953 |             1120 |              625 |         953 |                186 |      186 |      186 |          0 |               ,
2026-05-17T11:57:01.852804+00:00,12,live,1,417.85,0.02,51.02MiB,7.606GiB,0.66,,abea2ddb3fab3ea17dc83bf6beb808019ef1cef3a196af9ebf1dda20a8d13225,             2281 |            1958 |             1125 |              627 |         956 |                186 |      186 |      186 |          0 |               ,
2026-05-17T11:57:31.250393+00:00,13,live,1,387.68,0.04,50.9MiB,7.606GiB,0.65,,9189341b84ed8e5fe6fa04fc6a2f7be764ebbea8fffc79589ac0f406151ea564,             2286 |            1963 |             1130 |              629 |         959 |                186 |      186 |      186 |          0 |               ,
2026-05-17T11:58:00.539064+00:00,14,live,1,422.57,0.04,50.94MiB,7.606GiB,0.65,,103af93632d641ed7f051102b9a428c1eb8b4826214d72f8aa6af45a72e20c33,             2291 |            1968 |             1135 |              631 |         962 |                186 |      186 |      186 |          0 |               ,
2026-05-17T11:58:29.874942+00:00,15,live,1,421.49,0.03,50.96MiB,7.606GiB,0.65,,2adc1db670033b3278e7818e39db7e7ab940e692cc361a663b0ab740ffb2cceb,             2296 |            1973 |             1140 |              633 |         965 |                186 |      186 |      186 |          0 |               ,
2026-05-17T11:58:59.210066+00:00,16,live,1,426.29,0.28,51.31MiB,7.606GiB,0.66,,0a234c038c507bae3c054519f519714393d11f01183ea1bd354dc476ab6a0022,             2301 |            1978 |             1145 |              635 |         968 |                186 |      186 |      186 |          0 |               ,
2026-05-17T11:59:28.551237+00:00,17,live,1,391.72,0.03,51.4MiB,7.606GiB,0.66,,e2080d249ac66eabfbcf2f6f5453a176d09e2e8c272d67650928db5336268bdb,             2306 |            1983 |             1150 |              637 |         971 |                186 |      186 |      186 |          0 |               ,
2026-05-17T11:59:57.885761+00:00,18,live,1,405.12,0.03,51.42MiB,7.606GiB,0.66,,0861b2181da6e71eff2346438a8c86327e22b083e1115028982de64bb0a0a766,             2311 |            1988 |             1155 |              639 |         974 |                186 |      186 |      186 |          0 |               ,
2026-05-17T12:00:27.222813+00:00,19,live,1,467.35,0.03,51.45MiB,7.606GiB,0.66,,c71f21952ffff81c2bfd855d4fe59a5cdb87c4dac6c64e6f394c794828b32f96,             2316 |            1993 |             1160 |              641 |         977 |                185 |      186 |      185 |          1 |               ,
2026-05-17T12:00:56.607687+00:00,20,live,1,409.05,0.03,51.46MiB,7.606GiB,0.66,10649,8c6426e5c0d90ab071bab103c6c3d37cd5da8aa8d02d597a053907af5455a666,             2317 |            1994 |             1161 |              643 |         976 |                185 |      186 |      185 |          1 |               ,
2026-05-17T12:01:26.736807+00:00,21,live,1,387.85,0.03,51.48MiB,7.606GiB,0.66,,1073db4dac485683c13514241157a58073fd42a44c9c14a9375f4414d4667807,             2318 |            1995 |             1162 |              645 |         975 |                186 |      186 |      186 |          0 |               ,
2026-05-17T12:01:56.030015+00:00,22,live,1,404.39,0.03,51.5MiB,7.606GiB,0.66,,5de968d88b76d5e7db425b318e2b100ba818686051a23db6fa230fca109c3ccc,             2323 |            2000 |             1167 |              647 |         978 |                185 |      186 |      185 |          1 |               ,
2026-05-17T12:02:25.404950+00:00,23,live,1,425.91,0.03,51.52MiB,7.606GiB,0.66,,6b57921bd7c615f0e24302a341b099dfcf9f6ff709c479b78fa4fb2942a069ec,             2324 |            2001 |             1168 |              649 |         977 |                186 |      186 |      186 |          0 |               ,
2026-05-17T12:02:54.749398+00:00,24,live,1,403.44,0.00,51.79MiB,7.606GiB,0.66,,e67b46bea1bd6f5cbb6dafcd84d8be10b2cc13bdb442ae8939b40f49fd55d4a9,             2329 |            2006 |             1173 |              651 |         980 |                185 |      186 |      185 |          1 |               ,
2026-05-17T12:03:24.058206+00:00,25,live,1,405.96,0.03,51.56MiB,7.606GiB,0.66,,2a8b86b55e64700022aa2e324ab1aafffa214a4abd731a05fcd8824875799e92,             2330 |            2007 |             1174 |              653 |         979 |                185 |      186 |      185 |          1 |               ,
2026-05-17T12:03:53.347217+00:00,26,live,1,438.79,0.18,51.84MiB,7.606GiB,0.67,,65f656ad6e924e97f557fad217d957636755dd116c3cd571c398ee755682cf3d,             2331 |            2008 |             1175 |              655 |         978 |                186 |      186 |      186 |          0 |               ,
2026-05-17T12:04:22.721866+00:00,27,live,1,384.31,0.03,51.63MiB,7.606GiB,0.66,,46c0bb3fae0118c1f997c5d3df72ae864d56c8867b363092fbf5916099f040f7,             2336 |            2013 |             1180 |              657 |         981 |                186 |      186 |      186 |          0 |               ,
2026-05-17T12:04:52.023069+00:00,28,live,1,397.83,0.05,51.66MiB,7.606GiB,0.66,,c3949b2373127b4f50de06d9cf698748da8ece0bc2f6916030a8a44a4db2c2ec,             2341 |            2018 |             1185 |              659 |         984 |                186 |      186 |      186 |          0 |               ,
2026-05-17T12:05:21.331647+00:00,29,live,1,389.82,0.03,51.67MiB,7.606GiB,0.66,,cb045837804b15542f6e0341be9ef53fa2fff8e6b3592c841df4085f918ef607,             2346 |            2023 |             1190 |              661 |         987 |                184 |      186 |      184 |          2 |               ,
2026-05-17T12:05:50.629905+00:00,30,live,1,394.1,0.04,51.69MiB,7.606GiB,0.66,10691,806336fd7476eef6a951272edd7841675c278642d34b8c733a592aa5fa8e8386,             2348 |            2025 |             1192 |              663 |         987 |                185 |      186 |      185 |          1 |               ,
2026-05-17T12:06:20.762660+00:00,31,live,1,404.77,0.06,51.71MiB,7.606GiB,0.66,,ee5e1a0a06b13a3f5df2794ece73e7282a63e2dcf76aabddcfad6134783af83a,             2349 |            2026 |             1193 |              665 |         986 |                185 |      186 |      185 |          1 |               ,
2026-05-17T12:06:50.080209+00:00,32,live,1,435.99,0.00,51.72MiB,7.606GiB,0.66,,1909b99cb30add02b2b721b22db138db7f84856a4dd6b6016d542036c7fda127,             2350 |            2027 |             1194 |              667 |         985 |                186 |      186 |      186 |          0 |               ,
2026-05-17T12:07:19.459252+00:00,33,live,1,438.21,0.04,51.74MiB,7.606GiB,0.66,,1939b2f0aa18dd0fbfacc5dd1c1ce10c860a5b009e02c2796f0ddd66d149f805,             2355 |            2032 |             1199 |              669 |         988 |                186 |      186 |      186 |          0 |               ,
2026-05-17T12:07:48.888258+00:00,34,live,1,388.92,0.00,52.01MiB,7.606GiB,0.67,,e108c5605bb57092d613965e19900456a3a0ad261e9a48fcaeb363e5e3301096,             2360 |            2037 |             1204 |              671 |         991 |                186 |      186 |      186 |          0 |               ,
2026-05-17T12:08:18.190097+00:00,35,live,1,438.84,0.03,51.78MiB,7.606GiB,0.66,,41335c43e3b4c92439715d90c7ac7bf4e486164e6858aa165dffc17dcb03fc23,             2365 |            2042 |             1209 |              673 |         994 |                186 |      186 |      186 |          0 |               ,
2026-05-17T12:08:47.544979+00:00,36,live,1,418.29,0.02,51.8MiB,7.606GiB,0.67,,a40fc3d7055f93f04f859331df1e9e3ceff015671e233cc77308c0d4bfcf1d19,             2370 |            2047 |             1214 |              675 |         997 |                186 |      186 |      186 |          0 |               ,
2026-05-17T12:09:16.910663+00:00,37,live,1,420.33,0.18,51.66MiB,7.606GiB,0.66,,ba511b4cb9590bf7307e127c87f7c1e977182fc82252c2ec1e659b186409490f,             2375 |            2052 |             1219 |              677 |        1000 |                185 |      186 |      185 |          1 |               ,
2026-05-17T12:09:46.278232+00:00,38,live,0,2963687.02,0.02,51.99MiB,7.606GiB,0.67,,ab5b50c3846ccfef52997e6e153b187022cde34b543019aa4feaf1f732feff50,,TIMEOUT
2026-05-17T12:59:39.496498+00:00,39,live,1,457.43,0.02,52.01MiB,7.606GiB,0.67,,60dde63f5a42c12bdbd9909bad90acfcd039599ac2cef84a4582a24af847252f,             2377 |            2054 |             1221 |              681 |         998 |                186 |      186 |      186 |          0 |               ,
2026-05-17T13:00:08.994002+00:00,40,live,1,402.24,0.03,52.03MiB,7.606GiB,0.67,10715,c011a318f4a37e81e05ab9e5ff218536302a2565f177f6a3c926cc72bbe64e22,             2382 |            2059 |             1226 |              683 |        1001 |                185 |      186 |      185 |          1 |               ,
2026-05-17T13:00:39.166221+00:00,41,live,1,394.28,0.02,52.05MiB,7.606GiB,0.67,,6cbaece69eb77456c09b3cc8307fb1935551a47e69e7f9075685ad930578dc02,             2383 |            2060 |             1227 |              685 |        1000 |                186 |      186 |      186 |          0 |               ,
2026-05-17T13:01:08.482113+00:00,42,live,1,428.13,0.05,52.06MiB,7.606GiB,0.67,,ae374afd109e5a85b9857a94d238468b584db4a08fe1ae562aac813961790792,             2388 |            2065 |             1232 |              687 |        1003 |                185 |      186 |      185 |          1 |               ,
2026-05-17T13:12:39.626634+00:00,43,live,1,419.14,0.03,52.07MiB,7.606GiB,0.67,,f7e7b2b2d43ffe050887301a898391d3a2850cde0af0093767a1d7e063261c19,             2389 |            2066 |             1233 |              689 |        1002 |                185 |      186 |      185 |          1 |               ,
2026-05-17T13:13:08.999571+00:00,44,live,1,397.06,0.03,52.13MiB,7.606GiB,0.67,,46db4f7b27856ee79d47856c0091df01e427f3a5ebeb4a658c5aa07593bc8359,             2390 |            2067 |             1234 |              691 |        1001 |                185 |      186 |      185 |          1 |               ,
2026-05-17T13:13:38.304667+00:00,45,live,1,405.36,0.03,52.12MiB,7.606GiB,0.67,,a72df0777423ca34b738f17a5385f2fed6426c1052817ed9a5b3a43480d3c517,             2391 |            2068 |             1235 |              693 |        1000 |                186 |      186 |      186 |          0 |               ,
2026-05-17T13:14:07.626265+00:00,46,live,1,431.99,0.03,52.14MiB,7.606GiB,0.67,,6ce56da860d5dd18ca46660a595f88a4943b97e0290a6f5c511b52d52139cfc2,             2396 |            2073 |             1240 |              695 |        1003 |                186 |      186 |      186 |          0 |               ,
2026-05-17T13:14:36.964109+00:00,47,live,1,408.19,0.04,52.17MiB,7.606GiB,0.67,,1d9c06bfcad0dbd2f9fcad94f7b852ff7b0271d85188bcf25ced1ccb13606b9d,             2401 |            2078 |             1245 |              697 |        1006 |                186 |      186 |      186 |          0 |               ,
2026-05-17T13:15:06.299324+00:00,48,live,1,388.26,0.03,52.19MiB,7.606GiB,0.67,,63563da27ef72de825131ff1820d99001a6833e7d6c80f56bcaff5ac1361a3e2,             2406 |            2083 |             1250 |              699 |        1009 |                186 |      186 |      186 |          0 |               ,
2026-05-17T13:15:35.649636+00:00,49,live,1,404.41,0.03,52.02MiB,7.606GiB,0.67,,5ce0ad2c69ba3ac50b3f57298fe20d827550613d1a876427f8667e0098d5f9bd,             2411 |            2088 |             1255 |              701 |        1012 |                186 |      186 |      186 |          0 |               ,
2026-05-17T13:16:04.941466+00:00,50,live,1,386.55,0.03,52.22MiB,7.606GiB,0.67,10745,dc25c2e09104d40cfe556e9cb9c43da887f74424ee0dd6e5151dd5060aa4dc9a,             2416 |            2093 |             1260 |              703 |        1015 |                186 |      186 |      186 |          0 |               ,
